Statistic,Mean,Median,STD
Runs,191.3909090909091,138.0,179.31132761254975
Avg,24.06163636363636,23.075,15.076959609258626
Wkts,8.178217821782178,7.0,6.152066383913556
SR,23.843960396039602,20.0,14.083787280359491
